readCard, Thursday, May 25, 2023 at 12:19:15 AM
updateUser, Thursday, May 25, 2023 at 12:19:15 AM
updateUser, Thursday, May 25, 2023 at 12:22:01 AM
readCupon, Thursday, May 25, 2023 at 12:22:01 AM
updateCupon, Thursday, May 25, 2023 at 12:22:01 AM
readCard, Thursday, May 25, 2023 at 12:22:01 AM
updateCard, Thursday, May 25, 2023 at 12:22:01 AM
deleteUser, Thursday, May 25, 2023 at 12:27:16 AM
deleteUser, Thursday, May 25, 2023 at 12:27:16 AM
deleteUser, Thursday, May 25, 2023 at 12:27:16 AM
readCupon, Thursday, May 25, 2023 at 12:27:16 AM
deleteCupon, Thursday, May 25, 2023 at 12:27:16 AM
readCard, Thursday, May 25, 2023 at 12:27:16 AM
deleteCard, Thursday, May 25, 2023 at 12:27:16 AM
